Cable Red Plano Categoria 6 Cat6 Rj45 Utp Ethernet 30 Metros,315.99,5000,2020-11-20,,182284251,MLM4293,MLM842029662
Cable Red Plano Categoria 6 Cat6 Rj45 Utp Ethernet 15 Metros,180.39,500,2020-11-20,,182284251,MLM4293,MLM842033965
Funda Completa Con Protección Uv Para Auto Sedán 5.3 M Xxl,306.96,150,2021-12-02,6162148239477,698708316,MLM73294,MLM1349673060
Cable Utp Doble Forro Exterior Cat6 Cal23 Negro 305mts B22,980,5000,2016-03-30,,167299067,MLM4293,MLM549358820
Juego De Porta Placas Tipo Europeo Negro Liso Universal,83.99,5000,2021-05-03,,536547081,MLM62383,MLM915280490
Funda Protectora Impermeable Para Sedan Exterior 4.9m,601.9,500,2021-09-18,784119550525,812926121,MLM73294,MLM1312373547
Sistema De Radar De Auto Con 4 Sensores De Estacionamiento,185.53,1950,2021-07-20,766460226342,583043637,MLM45905,MLM948164757
Funda Completa Para Auto Con Rayas Reflectantes,449.76,50,2023-01-03,,496877370,MLM73294,MLM1742596546
Fundas Para Coche Impermeable Anti-ultravioleta Talla L,404.78,500,2022-03-11,073441003640,627647612,MLM73294,MLM1390127778
Flash Godox Witsro Ad400pro Todo En Uno Para Exteriores,18740,1,2022-11-24,791308797784,778987390,MLM420018,MLM1649074969
Cubierta Parrilla Asador Protector Exterior Funda Barbacoa L,325.04,100,2022-05-16,804028923934,599920572,MLM413405,MLM1422018086
Protector Sqy Cubierta Parrilla Asador Exterior Funda,147.61,500,2020-12-14,8847745038330,583542332,MLM413405,MLM850227107
Cable Red Plano Categoria 6 Cat6 Rj45 Utp Ethernet 30 Metros,315.99,5000,2020-11-20,,182284251,MLM4293,MLM842029662
Tapon Pivote Valvula Cubre Llanta Aluminio Auto Moto 4-pieza,39,7000,2021-05-24,8807381101027,253708790,MLM432911,MLM923635116
Bolsa De Equipaje Impermeable De Gran Capacidad Para Techo,1649.12,50,2022-06-17,,619860828,MLM157354,MLM1441420475
"Bobina De 100mts Doble Forro Categoría 5e, Exterior",449.99,5000,2020-05-13,723707988494,482969563,MLM4293,MLM775906019
15m Tendedero De Ropa Retráctil Carrete Exterior O Interior,160.95,500,2022-08-31,727824213361,1122027662,MLM156013,MLM1492116137
4pcs Separador Rin 10mm 4/5x100x108x110x112x114.3x120univers,233.7,200,2022-08-18,740727974245,1100074203,MLM418175,MLM1482565389
Bobina De Cable Utp De 100mts Cat 6 Doble Forro Exterior,599.9,500,2020-06-18,723707984953,482969563,MLM4293,MLM786623195
"Cable 4 Hilos Awg 22 Para Alarma, Audio E Interforn 50 Mts. ",230,250,2022-09-26,,67502644,MLM189429,MLM1514905390
Tronsmart Bang Mini Bocina Bluetooth Ipx6 Fiesta 50w,1625.01,200,2022-08-31,6970232014929,696652924,MLM59800,MLM1491937264
Sujetadores Facia Plano Tornillo Liga Bumper Fastener,65,8250,2020-10-29,6970092062108,253708790,MLM431959,MLM833585979
Ducha Portátil Recargable Para Exteriores,566.14,100,2022-06-10,768645646334,578105730,MLM194371,MLM1436590099
Protector Sqy Cubierta Parrilla Asador Exterior Funda,144.67,500,2020-12-14,8847745038330,583542332,MLM413405,MLM850227107
Cable Red Plano Categoria 6 Cat6 Rj45 Utp Ethernet 15 Metros,180.39,500,2020-11-20,,182284251,MLM4293,MLM842033965
Cable Ethernet Lan Red 15 Metros,110.69,5000,2020-01-30,,182284251,MLM4293,MLM754438350
Separador Rin 8mm 4/5x100x108x110x112x114.3x120 Univers 4pz,290.47,50,2022-03-15,,804445518,MLM418175,MLM1391805078
Termo Inteligente Digital Lector De Temperatura Pantalla Led,98.99,13500,2020-10-19,8996042794156,611705301,MLM189028,MLM829898573
Cinturón Ajustable Táctico Cinto De Calidad Militar Exterior,149.31,1650,2021-05-11,6438086328307,731395393,MLM190877,MLM918462833
Par 2 Pzs Porta Placa Trasparentes Humo Ahumadas Universales,169.99,1500,2021-07-05,,536547081,MLM62383,MLM941323414
Bobina 305 Mts Coaxial Rg6 Profesional,660,500,2017-12-12,,192858018,MLM4293,MLM605847096
Cámara De Marcha Atrás Para Coche 12 Luces Led Impermeable,159.29,500,2021-04-01,739641617697,684445344,MLM194014,MLM900280046
"4pzs Sujetadores C/matraca 4.5m, Carga Máx 675kg Auto/moto",276.76,500,2022-09-24,697478195750,1161412336,MLM187726,MLM1512525766
Cable Ethernet Red Lan 15m Reforzado Cat6 Internet Consola,159,500,2020-08-01,,522706817,MLM4293,MLM800399231
Kit De Reparacion De Parabrisas Pantalla Cristal Coche ,113.05,100,2022-12-08,,329342492,MLM92472,MLM1688914002
Splitter Lip Universal Plástico Delantero Auto 3 Piezas ,489,200,2022-08-04,,253708790,MLM92472,MLM1474033055
Cámara Trasera Trasera 2 Opciones De Montaje Diferentes,152.92,250,2021-11-03,768571498304,684445344,MLM194014,MLM1335703005
Sujetadores Facia Pico Tornillo Liga Bumper Fastener,85,2775,2020-11-01,8807381101027,253708790,MLM431959,MLM834364684
Estribo Centro Rojo 1.92m Lateral Faldon Universal 4 Piezas,750,250,2022-09-30,065988745589,253708790,MLM5995,MLM1520404823
Cable Coaxial Rg6 Blanco 100 Metros Profesional,200,25,2023-01-05,5900804007333,1160950086,MLM4293,MLM1746910610
Separador Rin 10mm 4/5x100x108x110x112x114.3x120 Univers 4pz,282.98,50,2022-03-15,,804445518,MLM418175,MLM1391792084
De Radar De Auto Con 4 Sensores De Estacionamiento Plata,174.05,500,2021-06-30,765819458687,779405156,MLM45905,MLM938759115
Camara De Reversa Para Portaplaca Con Visión Nocturna,249,500,2018-05-22,,1048901,MLM194014,MLM627025206
Barra Porta Equipaje Para Chevy Precio Por 2 Piezas ,499,100,2022-09-06,,497281894,MLM92139,MLM1496726681
4 Piezas Universal Protector Puerta Evita Golpes Y Rasguños,143.65,600,2022-06-01,,823368525,MLM437619,MLM1430580307
Bocina Tronsmart Bang Bluetooth 60w Ipx6 Negra Fista Tws,1873.81,200,2022-03-24,6970232014417,696652924,MLM59800,MLM1396531065
Kit De Reparación Rapida De Parabrisas Vidrio,129.9,500,2021-04-08,,187718377,MLM92472,MLM903608365
Funda Completa Con Protección Uv Para Auto Sedán 5.3 M Xxl,306.96,150,2021-12-02,6162148239477,698708316,MLM73294,MLM1349673060
Simulador Quemacocos Universal Auto Camioneta Deportivo F1,650,500,2022-04-25,,253708790,MLM62346,MLM1411269890
Mochilas Tacticas Militares Impermeable Exteriores De 80l,429.24,250,2022-04-15,768484072462,695109940,MLM179715,MLM1406373377
"Bocina Tronsmart Bang Se Con Bluetooth, Negro",1124.21,200,2022-10-12,6970232014981,696652924,MLM59800,MLM1532829607
Cubierta Parrilla Asador Protector Exterior Funda Barbacoa L,318.58,100,2022-05-16,804028923934,599920572,MLM413405,MLM1422018086
20 Módulos Luz 5 Led 5630,85.5,20500,2018-04-26,,120411922,MLM92472,MLM623410738
Vista Escalon 74cm Lateral Faldon Estribo Universal Falda 2u,213.4,500,2021-06-04,6970092062108,253708790,MLM437619,MLM928135529
"Kit De Reparación Dede Shuesada Roscas De Coche, 131 Piezas",619,5,2022-12-26,614537831633,1174443451,MLM437672,MLM1726333714
"Funda De Volante Para Mazda Cx-5, Mazda 6",562.39,250,2021-10-07,797246400618,785039991,MLM22612,MLM1321568066
Funda De Fibra De Carbono Para Volante De Toyota,569.2,150,2021-08-03,797246217490,785039991,MLM22612,MLM953680874
Wire Hilo 3m Luminoso Luz Neon Dj Cable Tron Led Tira Neon ,126.75,1500,2021-12-20,,823368525,MLM5322,MLM1357233546
Accesorios Para Carro Mujer Funda Cubre Volante Interior 3pc,187.74,25,2022-11-03,706384521253,1178952587,MLM22612,MLM1588158979
Base Portavasos Volkswagen Jetta Golf Clasico Polo Vento Vw,90,205,2020-01-08,,98268348,MLM73292,MLM749975693
Ventilador Doble Auto Coche Portátil Potente 2 Velocidades,211,500,2022-07-28,697478192377,1086491212,MLM437672,MLM1468586318
3m Luminoso Luz Neon Luces Led Para Autos Usb Interface,103.84,750,2022-11-15,614537829791,1174443451,MLM5322,MLM1618106417
Funda Cubre Volante Deportivo Protector Antiderrapante Auto,95,2250,2021-09-28,8807381101027,253708790,MLM22612,MLM1317500879
Pantalla Hud Digital Del Medidor Multifunción Obd Del Coche,657.03,5,2022-07-19,9351357505764,1149291186,MLM22575,MLM1462196265
Botonera Switch Puerta Control Vidrios Jetta A4,180.68,250,2020-08-31,3458519272864,574848933,MLM5322,MLM811330312
Funda Protectora De Cuero Y Microfibra Para Volante De 38cm,152.96,250,2022-08-05,727824999630,1106872031,MLM22612,MLM1474582613
Organizador Portavasos Automóvil Bebidas Universal Ajustable,88,150,2022-07-28,796647666913,1154319481,MLM73292,MLM1468951014
Tapasol Parabrisas Cubre Sol Para Coche Cortinas Parasol,169.99,500,2021-09-07,747781691507,806849163,MLM92136,MLM1306242913
Ventilador Doble Auto Coche Portátil Potente 2 Velocidades,283.1,250,2022-07-25,754318936826,1007404267,MLM5322,MLM1466152037
La Cubierta Del Volante De Diamante Protege Universal 38cm,99.71,500,2022-05-23,,793073879,MLM22612,MLM1426545218
"Juego De Fundas Para 5 Asientos De Automóvil, 9 Piezas",372.93,2550,2020-08-11,6282225824010,617885688,MLM45802,MLM803977552
Tapete 3 Piezas Uso Rudo Autos Y Camionetas Universal,258,5000,2018-04-29,,287181690,MLM162997,MLM623705015
Par Refuerzo Puertas Antirobo Chevy Todos Los Modelosc1c2c3 ,360,500,2020-04-22,,24030355,MLM5322,MLM771205639
Organizador Portavasos Automóvil Bebidas Universal Ajustable,83.48,300,2022-07-14,,1131898488,MLM73292,MLM1458898206
Protector Funda Cubre Volante Brillante Diamante Auto Moda,99,2250,2022-02-11,6957879790270,253708790,MLM22612,MLM1377558746
Pantalla Hud Digital Del Medidor Multifunción Obd Del Coche,657.03,5,2022-07-19,9351357505764,1149291186,MLM22575,MLM1462196265
Funda De Silicon Para Llave Chirey Tiggo 8 Omoda,124,250,2022-11-14,,79911279,MLM5322,MLM1614614009
Kit De Coche Parasoles Para Ventanilla Protección 6 Piezas,163.28,150,2022-03-25,702163989511,758165880,MLM92136,MLM1397232015
Funda Universal Para Asiento De Automóvil 10 Piezas,407.06,1450,2022-02-23,0686894746936,719205109,MLM45802,MLM1381826214
Funda Perforada Negro Volante Piel Genuina De 38 Cm,143.4,150,2022-05-24,767077576196,1125869467,MLM22612,MLM1426881331
10m Moldura Interior Decorativa Coche Interior Colores Metal,99.96,375,2022-04-15,740135553100,1075711771,MLM5322,MLM1406363727
Porta Monedas Porta Vasos Auto Con Contador Taxi Uber Didi,169,500,2021-07-05,,716843176,MLM73292,MLM941258557
Cubre Asientos Coche Estilo Mariposa Grueso Universal 9pzs,454.29,1275,2021-12-29,759747308855,1038350165,MLM45802,MLM1360305619
Switch Corta Corriente Llave Removible Bateria Universal,243.78,25,2022-10-26,635427353240,697300843,MLM437672,MLM1572054349
6mm Rollo Insonorizante Y Termico Pliego Auto Adhesivo Coche,329.44,250,2020-07-29,6132227485781,474492359,MLM5322,MLM799067346
Funda De Cuero Antideslizante Para Volante Tipo D De,210.32,500,2021-08-12,711379936059,611562860,MLM22612,MLM957619607
Caja De Almacenamiento Organizadora Para Asiento Delantero,248.56,10,2022-07-12,723509575342,533438669,MLM73292,MLM1457266542
Cubre Asientos Para Mascotas Funda De Mascotas Para Perro,401.52,50,2022-11-01,143837541244,1109757693,MLM430912,MLM1582755108
Organizador De Piel Para Asiento Trasero Mesa Plegable ,241.18,900,2017-10-27,,279810338,MLM5322,MLM600511137
Funda Perforada Roja Volante Piel Genuina De 38 Cm,143.97,500,2021-08-24,711379059406,724211929,MLM22612,MLM962275195
Organizador Para Asiento Trasero Para Auto Universal 2 Uds,189.62,500,2021-12-28,798789327585,801138346,MLM45802,MLM1359630299
Doble Camara Para Automovil Pantalla Tactil Frontal Y Traser,1428.07,500,2022-08-17,671716933335,1074682155,MLM429390,MLM1481631072
Clip Porta Lentes Coche Interior Diamante+botón+posavasos ,132.99,150,2022-05-27,888685893731,1111541511,MLM5322,MLM1428927923
Organizador De Monedas Portavasos Para Auto Uber Didi Taxi,179,500,2021-12-30,,592849883,MLM73292,MLM1360548007
Funda Protectora De Cuero Y Microfibra Para Volante De 38cm,152.96,250,2022-08-05,727824999630,1106872031,MLM22612,MLM1474582613
Funda Para Asiento De Auto Protector De Asiento 2 Piezas,356.4,250,2022-08-30,706384520447,1161401249,MLM45802,MLM1491336655
Wire Hilo 3m Luminoso Luz Neon Dj Cable Tron Led Tira Neon,109.65,6000,2020-12-09,,609568757,MLM5322,MLM848416469
"Kit De Reparación Dede Shuesada Roscas De Coche, 131 Piezas",619,5,2022-12-26,614537831633,1174443451,MLM437672,MLM1726333714
"Rollo De Cinturón De Seguridad De Auto Color Múltiple, 2 Pzs",121.79,99,2022-11-02,691189864875,660048609,MLM430922,MLM1585511181
"Funda De Volante De Coche Clásica De Fibra De Carbono, 38 Cm",169.22,250,2022-03-24,0682601032897,1062421218,MLM22612,MLM1395990681
Portalentes Carro Universal,149,5,2023-02-03,710859214199,417115944,MLM5322,MLM1800136744
Organizador Portavasos Automovil Agua Universal Ajustable,148.57,250,2022-04-01,,790632314,MLM73292,MLM1399766467
"Cinturón De Seguridad Para Automóvil, 2 Rollos De Color",144,46,2022-11-11,721805574342,1085579879,MLM430922,MLM1606409982
Cubre Asientos Auto Alta Calidad Elasticidad Universal 9 Pzs,329.82,500,2021-12-28,768571693990,644833640,MLM45802,MLM1359759505
Respaldo Asiento Lumbar Soporte Espalda Ciatica Postura,104.5,500,2021-04-27,741996165907,707952420,MLM5322,MLM912422646
Funda Cubre Volantes De Silicon Gel De Alta Duracion 5 Años,119.7,980,2021-05-12,,714290500,MLM22612,MLM919187518
Organizador Portavasos Automóvil Bebidas Universal Ajustable,144,500,2021-06-08,765819448909,743567276,MLM73292,MLM929633066
Organizador De Cajuela Plegable Ligero Impermeable Automóvil,117,250,2022-10-20,706384524865,1161412336,MLM437681,MLM1552542501
Bomba De Filtrado Para Agua 2500gal Bestway,3999,2,2023-02-02,6942138955729,350670957,MLM187114,MLM1797120045
1 Filtro 1 Bomba Aceite 1 Bomba Agua Sentra B15 00-07 1.8l,1875.6,1,2019-05-31,,336394825,MLM164742,MLM686505177
Kit Distribucion Filtro Y Bomba Agua Vw Jetta A4 2.0l 99-05,1282.5,1,2021-07-23,,336394825,MLM164722,MLM949791156
Liga Empaque Bomba Agua Base Filtro Aceite Mercedes 924 926,607.51,5,2022-09-26,,240470864,MLM164734,MLM1515102083
Purificador De Agua Osmosis Inversa Con Bomba Y Tanque,3860,150,2021-12-24,7503036245016,60677469,MLM31552,MLM1358850752
Liga Junta Bomba Agua Base Filtro Aceite Termostato 924 926,751.2,5,2022-09-26,,240470864,MLM164734,MLM1515117502
Kit Distribución Bomba Agua Filtro Nissan Altima 2.5l 02-06,4455,1,2023-02-01,,336394825,MLM164722,MLM1793455721
Sifón Filtro Manguera Embotellado Llenado Cerveza Acuarios ,159,200,2021-01-11,,23043886,MLM193775,MLM861135072
Toma Refrigerante Filtro Combutible Sprinter 2010 Al 2019 &,959,5,2022-02-16,,171131030,MLM432646,MLM1379679460
error,error,error,error,error,error,error,https://www.mercadolibre.com.mx/filtro-de-reemplazo-para-bomba-de-alberca-tipo-i-2piezas/p/MLM19639887#searchVariation=MLM19639887&position=1&search_layout=grid&type=product&tracking_id=c0646d37-64fc-475d-a3f4-a3b7d02dc0a7
Kit Bomba De Agua Con Filtro De 1/2 Pulgada,879,150,2020-07-17,,275623159,MLM432297,MLM794940597
Bomba De Agua Para Filtro / Sump (2500 L/hr - 2.5 Mts),649.4,50,2020-10-30,7503008378698,215484417,MLM7115,MLM833934867
error,error,error,error,error,error,error,https://click1.mercadolibre.com.mx/mclics/clicks/external/MLM/count?a=gS%2BymRirPvCsrijK9yiIryrvguup37pSVYM9sbBtGoe4koilccAsG7omhyUtpBrQIgnJGto3Hf6oVYc8p%2F%2Bq%2BCivAXaZQB9WkmjCv%2F3FCCZKJ2yPOMDpt%2FaaB66fqpB8F5KutTgCA3AoGrRdu4PVeudrwm6m8ET64qgDNO8Ja3Gvmxx492%2F8tsEagHQoUVhpylPTB2H7TAdvEBWm7tsYN%2BRL886XxSRcUPDFONzOo%2FDsCq7a37E1d25lbhQV1q5Htxumevm5v0zchqPypUNe%2Fjn3HxTovmmR9HiUh%2F1mNXZ3m02mZ7TmpG4jTOk5WGSTDVn%2F4%2Berk2G1tjb0Yp8xKENywqPT23ZbR7G3u8hxeBNBXiEjONKFwMjgJWnFXikaGx%2Byi0beZaIQ%2FccRvuobk79F2I1cHiKqTgQD6jHe3F3ytWWVMTDugmNzgkjfpl7WBDabddg02HWdS0rJS8z25bN0yyCEN60%2Fd0%2B9B45WVFvI6tRvsOld9hhL8pmpKLjFVfvV%2FaYnSX9x4gquJrS3EdavjL7lyVAy8b5kp%2F25pr6lBq4N%2FP%2BU1bNoeTyWdMjdFlMga6fL8gavb3ckIfh3cGz%2Bi1Wl0bd%2BVR3UZVCdc7FihS9HO7YhQlMKzWnHfhWqzNcagAO5gwX7n13IHTmi1fAXVOpYtNDC22QyujznzDXo2I7GeHEq%2B2XvEwE9GaFcfL91HEFZKpiyCc115ar41s%2B7AB0zBMmSiEa%2BBQaHxs%2BBGPf8fdeGrXH7Ya5pqmBtxvJIuqiw8NwZ%2F8qXRThxwWhTd8l%2FyZW9q73mO8fw9Igf&rb=x
Filtro Regadera Fregadero Grifo Ahorrador Cocina 3pcs,156.4,50,2022-04-14,,1092714091,MLM193775,MLM1405693201
"Grifo Dispensador De Agua Para Tarja, Cocina, Filtro O Bomba",579,50,2021-05-02,092787856598,399173457,MLM432201,MLM914958979
Kit Distribucion Bomba Agua Filtro Sentra B15 1.8 2001-2006,3200,1,2023-01-26,,336394825,MLM164722,MLM1780218968
Alberca Redonda Mosaico 304cm Diametro 76cm Altura + Bomba,2369,5,2023-02-14,7502312532376,158689680,MLM187109,MLM1821001732
Kit Distribucion Filtro Y Bomba Agua Vw Bettle 2.0l 99-07,1282.5,2,2021-07-23,,336394825,MLM164722,MLM949781418
Purificador De Agua Osmosis Inversa Con Bomba Y Tanque,3860,150,2021-12-24,7503036245016,60677469,MLM31552,MLM1358850752
Kit Distribucion Filtro Y Bomba Agua Vw Jetta A6 2.0l 12-17,1282.5,2,2021-07-23,,336394825,MLM164722,MLM949781419
Dispensador De Agua Bomba Electrica Para Garrafon Recargable,97.29,1000,2020-01-17,8711449371539,477228998,MLM120031,MLM751972309
Kit Distribucion Bomba Agua Filtro Aceite Platina 1.6l 02-10,1274,5,2021-04-21,,336394825,MLM164722,MLM909916563
Junta Punterias Bomba Agua Filtro Aceite Gmc Cruze 1.4 15-16,1999,0,2020-12-26,,336394825,MLM164734,MLM854782569
Filtro Tipo Yee De 3/4pulgada 3/4filtro Para Sedimentos Agua,335.8,100,2019-07-03,,174675893,MLM120125,MLM695243840
Filtro Tipo I Repuestos Cartucho Bomba Agua Alberca 2 Piezas,200,25,2022-03-14,6942138918403,64016368,MLM187116,MLM1391024079
Filtro Para Bomba De Agua 58093 Tipo I Marca Flowclean,279,2,2021-05-13,66942138918405,254305049,MLM187116,MLM919746094
error,error,error,error,error,error,error,https://www.mercadolibre.com.mx/filtro-tipo-a-para-bomba-agua-1000gph-intex/p/MLM20485230#searchVariation=MLM20485230&position=2&search_layout=grid&type=product&tracking_id=c0646d37-64fc-475d-a3f4-a3b7d02dc0a7
Alberca Bestway Grande 3.05 X .76 Envío Hoy,5265,3,2020-09-25,16941057451906,213687422,MLM187109,MLM821985760
Liga Empaque Bomba Agua Base Filtro Aceite Mercedes 924 926,607.51,5,2022-09-26,,240470864,MLM164734,MLM1515102083
Kit Distribucion Bomba Agua Y Filtro Vw Jetta A6 2.5 08-17,6795,0,2023-01-25,,336394825,MLM164722,MLM1777557518
Bomba De Agua Para Filtro / Sump (3700 L/hr - 3.5 Mts),1229.1,25,2020-10-08,7503008378711,215484417,MLM7115,MLM826717759
Bomba Booster Osmosis Inversa 100 Gpd,999,5,2019-08-20,,106815371,MLM31552,MLM710152543
Paquete 6 Filtros Tipo I Para Bomba De Agua Bestway ,649,25,2019-08-07,,87779601,MLM187116,MLM705824357
error,error,error,error,error,error,error,https://www.mercadolibre.com.mx/alberca-inflable-redonda-bestway-fast-set-57267-de-244m-x-66cm-2100l-azul/p/MLM15580644#searchVariation=MLM15580644&position=3&search_layout=grid&type=product&tracking_id=c0646d37-64fc-475d-a3f4-a3b7d02dc0a7
Purificador Osmosis Inversa 100 Gpd Con Bomba Y Tanque,4250,50,2020-12-28,75000231567000,140799496,MLM31552,MLM855551469
Alberca Redonda Mosaico 365cm X 76cm Altura + Bomba Y Filtro,3199,3,2023-02-14,7502312532369,158689680,MLM187109,MLM1821014215
"Bomba Booster Osmosis Inversa 50, 75, 100 Gpd",1360,25,2021-01-30,,140799496,MLM31552,MLM869745911
Purificador Osmosis Inversa 100 Gpd Con Bomba Y Tanque,4799,5,2021-09-13,,454462061,MLM31552,MLM1309341340
Kit Distrib Bomba Agua Filtro Aceit Renault Logan 1.6l 15-16,1274,5,2021-04-29,,336394825,MLM164722,MLM913677586
Filtro Tipo A Para Bomba Agua 1000gph Intex Original,189,0,2023-01-23,07501022014080,347803986,MLM187116,MLM1774813919
Bomba De Agua Para Filtro / Sump (1200 L/hr - 1.2 Mts),348.5,50,2020-10-30,7503008378674,215484417,MLM7115,MLM833939979
Alberca Redonda Gigante 4.57 Mts Frame Envio Gratis,5175,5,2019-03-28,4983164174199,344886852,MLM187109,MLM672552144
Filtro Shurflo 255-213,197.2,50,2020-10-19,7505684512120,412197285,MLM187116,MLM830193231
Purificador Ósmosis Inversa Evans 5 Etapas C/ Tanque Y Bomba,4592.69,25,2021-04-23,795577029225,443657643,MLM31552,MLM911081314
Bomba De Filtrado Para Agua 1500gal Bestway,3247,0,2023-02-02,"6942138930740,06942138902341",350670957,MLM187114,MLM1797056070
Bacteria Para Filtro Bomba Acuario Peces Agua Dulce 250ml,199,3,2021-12-02,615929100429,508714077,MLM429236,MLM1349469302
Filtro Tipo Yee De 1/2pulgada 1/2filtro Para Sedimentos Agua,300.82,50,2019-07-03,,174675893,MLM120125,MLM695245359
Liga Junta Bomba Agua Base Filtro Aceite Termostato 924 926,751.2,5,2022-09-26,,240470864,MLM164734,MLM1515117502
Alberca Familiar Infantil Bestway Con Cuberta Y Filtro,3824.15,3,2021-07-23,6942138972115,653286124,MLM187109,MLM949558388
Filtro De Partículas Completo Presurizadora Grundfos Scala,1250,5,2022-03-08,045242502639,156804752,MLM120123,MLM1388442422
Alberca Estructural Redonda 304cm Diametro 76cm Alto + Bomba,2199,25,2023-02-14,7502312532345,158689680,MLM187109,MLM1820983912
Kit Distribucion Juntas Filtro Nissan Urvan 2.5l 08-17,4092,0,2021-10-14,,336394825,MLM164722,MLM1326084094
Bomba Booster Osmisis Inversa 100 Gpd Con Adaptador,1890,5,2018-03-23,0099351560431,192305140,MLM31552,MLM618958628
Bomba De Agua Para Filtro / Sump (1800 L/hr - 1.9 Mts),463.25,25,2020-10-30,7503008378681,215484417,MLM7115,MLM833938929
Boya 12 Diametro 38 De Circunferencia Taylor Made 61143,1424.05,1,2020-09-02,040011316431,87450263,MLM432080,MLM812063685
Soporte Polea Nissan Frontier 2005 Al 2016 4.0 V6,793,5,2020-07-07,,266409235,MLM429658,MLM792146534
Ancla Para Barco 4kg Producto Nuevo Ecom,1225,5,2022-05-31,,175001840,MLM429341,MLM1430216902
Defensa Kenworth T-660 Lateral Derecha Plastica Negra,4150,1,2022-04-25,,675094150,MLM429658,MLM1411430793
61152 Boya 21 Diametro Y 66 De Circunferencia Taylor Made,5034.05,5,2017-05-18,,11002457,MLM432080,MLM584305445
Defensa Kenworth T-660 Lateral Izquierda Plastica Negra,4150,1,2022-04-25,,675094150,MLM429658,MLM1411368103
Ancla Grampín #5 De Acero Inoxidable - Ar Metalics,4702,4,2020-05-01,,427035188,MLM429341,MLM773075082
"Kit De Carro De Anclaje, Inflable Y Robusto, Para Kayak, Can",439,2,2022-12-15,4711290139306,1236703279,MLM429341,MLM1706272879
Me Llamo Rojo,399,5,2020-12-04,,211810042,MLM429341,MLM847109076
Ancla Grampín #2 De Acero Inoxidable - Ar Metalics,1890,5,2020-03-05,,427035188,MLM429341,MLM761414214
Ancla Para Barco Tornillo De Hierro Tamaño 12x1x31 In,1169,1,2022-05-19,,87801044,MLM429341,MLM1424832954
Soporte Polea Transmision Toyota Tundra 2000 Al 2009 4.7 V8,1407,5,2020-07-07,,140680597,MLM429658,MLM792145903
1149 Boya 18 Diametro Y 57 De Circunferencia Blanca,3324.05,1,2017-05-18,,11002457,MLM432080,MLM584274639
61149 Boya 18 Diametro Y 57 De Circunferencia Taylor Made,3324.05,5,2017-05-18,,11002457,MLM432080,MLM584304770
Lámpara De Baliza Led De Luz Marina Control Inteligente Ip65,391.85,0,2022-11-20,602701839967,462093400,MLM432080,MLM1638240510
Boya 12 Diametro 38 De Circunferencia Taylor Made 61143,1424.05,1,2022-03-17,040011316431,1086910711,MLM432080,MLM1393035478
Ancla Grampín #4 De Acero Inoxidable - Ar Metalics,4244,3,2020-05-01,,427035188,MLM429341,MLM773078420
Ancla Para Barco 10kg Producto Nuevoplus,3690,0,2022-10-06,,170305816,MLM429341,MLM1525688481
Ancla Para Barco 2kg Nuevo Producto Ecom,647,2,2022-05-31,,175001840,MLM429341,MLM1430241871
Ancla Para Barco 6kg Producto Nuevo Ecom,1805,0,2022-05-31,,175001840,MLM429341,MLM1430172304
Defensa Lateral Cascadia Izquierda,1800,1,2022-01-12,,675094150,MLM429658,MLM1364944406
Ancla Para Barco 4kg Producto Nuevoplus,1590,0,2022-10-06,,170305816,MLM429341,MLM1526075627
Defensa Kenworth T-660 Lateral Izquierda Plastica Negra,4150,1,2022-04-25,,675094150,MLM429658,MLM1411368103
Defensa Lateral Cascadia Derecha,1800,5,2022-01-12,,675094150,MLM429658,MLM1364950698
Defensa Kenworth T-660 Lateral Derecha Plastica Negra,4150,1,2022-04-25,,675094150,MLM429658,MLM1411430793
Ancla De 10lb Fortress Para Barco 33-38ft Aluminio,12499,0,2022-06-09,,87801044,MLM429341,MLM1436238612
Cuerda Marina Para Amarrar Boyas Muelles (paq. Con 2) Lancha,265,0,2022-09-08,,98789441,MLM429341,MLM1498332421
Cabo Marino Trenzado Nylon 25mm X 1 In Por Metro ,159,0,2023-01-12,,87801044,MLM413704,MLM1761643911
61152 Boya 21 Diametro Y 66 De Circunferencia Taylor Made,5034.05,5,2017-05-18,,11002457,MLM432080,MLM584305445
Embellecedor Difusor Tipo Aleta Para Defensa Canard Chica,220,0,2022-04-26,,679578936,MLM429658,MLM1411855388
Ancla Grampín #0 De Acero Inoxidable - Ar Metalics,1465,2,2020-05-01,,427035188,MLM429341,MLM773059032
Boya De Espuma Jim-buoy P/cuerda-amarillo-9 1/4 X 7 #1100,1882.9,0,2019-01-18,,11002457,MLM432080,MLM661387943
Boya Tipo Pera R1 28 X 38 Cm,1850,0,2022-05-02,,754484324,MLM432080,MLM1415288801
Ancla Plegable Draggen 2.5 Kg Nuevo Ecom,1240,0,2023-01-23,,175001840,MLM429341,MLM1774826058
Ancla Para Barco 6kg Producto Nuevoplus,2390,0,2022-10-06,,170305816,MLM429341,MLM1526094660
Tensor Hidráulico Dodge Neon 2.0 1995-1999,670,1,2022-11-13,,264736486,MLM456023,MLM1614154047
Boya 18 Diametro Y 57 De Circunferencia Blanca 1149,1709.05,0,2020-09-02,040011311498,87450263,MLM432080,MLM812063717
142 Boya Acuática Personal - Color Rojo - Taylor Made,893,5,2017-05-18,,11002457,MLM432080,MLM584287920
61149 Boya 18 Diametro Y 57 De Circunferencia Taylor Made,3324.05,5,2017-05-18,,11002457,MLM432080,MLM584304770
Defensa Para Lancha Taylor Made Vinyl Tuff15.2 X63.5 Cm 1182,1709.05,0,2021-04-30,040011311825,11002457,MLM429658,MLM914110832
Embellecedor Difusor Tipo Aleta Para Defensa Canard Chica,218.5,0,2022-04-26,,261785604,MLM429658,MLM1412010081
Boya Taylor Made Marcadora Miniatura 9 Rojo - 164,607.05,0,2019-02-18,,11002457,MLM432080,MLM665238575
1149 Boya 18 Diametro Y 57 De Circunferencia Blanca,3324.05,1,2017-05-18,,11002457,MLM432080,MLM584274639
"Sandisk Ram-3077 - Tarjeta Microsdxc Uhs-i 128gb, 160mb/s 4",850,0,2020-10-14,,62214556,MLM429341,MLM828511014
61146 Boya 15 Diametro Y 47 De Circunferencia - Taylor Made,2564.05,25,2017-05-18,,11002457,MLM432080,MLM584304230
61143 Boya 12 Diametro Y 38 De Circunferencia - Taylor Made,1424.05,5,2017-05-18,,11002457,MLM432080,MLM584303661
1146 Boya De 15 Diametro Y 47 De Circunferencia - Blanco,2516.55,5,2017-05-18,,11002457,MLM432080,MLM584270717
61140 Boya 9 Diametro Y 28 De Circunferencia Taylor Made,1519.05,5,2017-05-18,,11002457,MLM432080,MLM584301606
305718 Boya Inflable Embarcaciones 18puLG Orange Taylor Made,3565.35,5,2019-02-05,,11002457,MLM432080,MLM663682352
Ancla Para Barco Tornillo De Hierro Tamaño 8x1x23in,879,0,2022-05-19,,87801044,MLM429341,MLM1424845443
Boya Redonda Roja Con Red - Imersion,3376,0,2019-06-26,3565054972200,427035188,MLM432080,MLM692887446
Epsealon - Boya Torpedo Doble - Torpedo Double Bladder Naran,1104,0,2019-06-03,3760181824648,427035188,MLM432080,MLM686884968
Boya Torpedo Naranja (sensilla) - Epsealon,993,2,2019-06-03,3760181824631,427035188,MLM432080,MLM686890344
Ancla Grampín #1 De Acero Inoxidable - Ar Metalics,1716,1,2021-10-19,,427035188,MLM429341,MLM1328597850
Tapetes Interior Cabina Ford Ranger 2016-2020 Kit 3 Piezas,2098.55,100,2019-06-14,,176004364,MLM45802,MLM689344779
Manija Puerta Interior Izq Tra Hushan Isuzu Hombre 96 Al 00,434,0,2021-04-29,,165345936,MLM164791,MLM913444839
Manija Puerta Interior Izq Tra S10 98 Al 03,440,0,2021-05-07,,165345936,MLM164791,MLM916823402
Manija Int Tundra 2000 - 2006 Cabina Reg-media Del Copiloto,220,5,2019-04-17,,121996258,MLM164791,MLM677554626
Manija Int Tundra 2000 - 2006 Cabina Reg Y Media Del Piloto,209,3,2019-04-17,,121996258,MLM164791,MLM677554622
Tapetes Interior Cabina Ford Ranger 2016-2020 Kit 3 Piezas,2098.55,100,2019-06-14,,176004364,MLM45802,MLM689344779
Manija Cabina Y Media Extendida Chevrolet S10 Sonoma 1996-04,349,5,2022-05-01,,29509432,MLM164791,MLM1414817466
Tapetes Cabina 2 Piezas Big Truck Logo Ram 4000 2009 A 2023,447,5,2022-09-06,077341169840,91793369,MLM162997,MLM1496596123
Toyota Hiace-tapete Cabina-hule Antiderrapante-resistente,699,100,2022-07-19,,692396244,MLM162997,MLM1462630730
Llave Mezclaora Para Lavabo O Tina De Latón Negro Mate,1551.67,3,2022-10-20,766939751610,583552864,MLM455947,MLM1553557304
"Bolsa De Gimnasia De Gran Capacidad, Playa, Viaje, Forro Doble, Almacenamiento De Calzado Independiente Seco Y Húmedo",282.13,500,2019-09-02,6970558576194,438167349,MLM5537,MLM713621392
1 Manija Puerta Interior Tra Izq Hushan Sonoma Gmc 94/04,432,0,2022-03-01,,165345936,MLM164791,MLM1385605622
Toyota Hiace-tapete Cabina-hule Antiderrapante Uso Rudo¡¡,699,5,2023-01-12,,692396244,MLM162997,MLM1760304056
"Bolsa De Gimnasia De Gran Capacidad, Playa, Viaje, Forro Doble, Almacenamiento De Calzado Independiente Seco Y Húmedo",282.13,500,2019-09-02,6970558576194,438167349,MLM5537,MLM713621392
Fundas De Asiento Toyota Hilux Mod 2016-2022 Cabina Sencilla,810,5,2022-09-01,,1020815350,MLM45802,MLM1493451977
Llave Mezclaora Para Lavabo O Tina De Latón Negro Mate,1583.14,3,2022-10-20,766939751610,583552864,MLM455947,MLM1553557304
"Fundas De Asiento Ford F-150 Xl, Xlt Mod 1997-2008 (cab Reg)",890,25,2022-11-12,,1020815350,MLM45802,MLM1610221293
Par Tapetes Cabina Chevrolet S10 1995 Usa Original,349,1,2021-01-22,,347934928,MLM162997,MLM866606947
Fundas De Asiento Ford Ranger Xlt Custom 1991-2003 (cab Reg),790,50,2022-09-22,,1020815350,MLM45802,MLM1509329409
Tapa Cubierta De La Lamina Saveiro Cabina Simple 2013-2023,1595,25,2022-07-04,,36994437,MLM162997,MLM1452402814
Tapete-cabina Para Toyota Hiace ,699,4,2022-11-03,,297778846,MLM162997,MLM1588830540
Cubreasientos De Ford Ranger Xlt Custom 1991-2003 (cab Reg),790,25,2022-09-22,,1020815350,MLM45802,MLM1509291821
Fundas De Asiento Np300 2016-2021 (bordado) Cabina Sencilla,870,50,2021-12-22,,565491963,MLM45802,MLM1358132835
Fundas De Asiento Toyota Hilux Modelo 2018 Cabina Sencilla,810,5,2022-09-01,,1020815350,MLM45802,MLM1493318565
Fundas De Asiento Np300 2016-2021 (bordado) Doble Cabina,1050,50,2021-12-22,,565491963,MLM45802,MLM1358163743
Chevrolet S10 Gmc Sonoma 96-04 Manija Cabina Extendida 3 Pta,359,25,2022-05-01,,29509432,MLM164791,MLM1414863036
"Cubre Asientos Nissan Np300 2016-2021, 1 Cabina (bordado)",800,25,2022-05-19,,636617958,MLM45802,MLM1424268089
Tapa De La Lamina Saveiro Cabina Simple 2013-2023 (con Red),1898,4,2022-07-05,,36994437,MLM162997,MLM1452429035
Hilux Doble Cabina 2016-2023 11 Pzs Fundas De Asiento Tela,1374,5,2022-08-17,052948983013,13552591,MLM45802,MLM1482355963
Cubreasientos Np300 Modelo 2007-2015 Cabina Sencilla,750,5,2022-07-15,,565491963,MLM45802,MLM1460316765
Cubreasiento Nissan Np300 Cabina Sencilla 2016 A 2020,530.1,650,2019-01-04,,120892009,MLM45802,MLM659540633
Par Tapetes Cabina Ram 1500 2014 Usa Original,349,1,2021-01-22,,347934928,MLM162997,MLM866603375
Cubre Volante Piel Chevrolet S10 Max Cabina 2023 2024 2025,499,1,2023-02-10,9327303118869,91793369,MLM22612,MLM1813451973
"Tapete De Piso Nissan Np300, Frontier - Doble Cabina ",550,3,2023-02-21,,636617958,MLM162997,MLM1834562235
Fundas De Asiento Nissan Np300 Pick Up Modelo 2023 1 Cabina,750,5,2022-10-26,,1020815350,MLM45802,MLM1572793000
Ranger Doble Cabina 2016-2023 11 Pzas Cubre Asientos De Tela,1374,2,2022-08-11,052948983013,224706213,MLM45802,MLM1479110223
Cubreasientos Toyota Hilux Modelo 2019 Cabina Sencilla,810,1,2022-09-01,,1020815350,MLM45802,MLM1493440586
"Cubreasientos Ford F-150 Xl, Xlt Mod 1997-2008 (cab Reg)",890,5,2022-11-12,,1020815350,MLM45802,MLM1610232512
Fundas De Asientos Np300 Pick Up 2019-2020 Cabina Sencilla,860,5,2021-09-13,,567730444,MLM45802,MLM1309642910
Ranger Doble Cabina 2016-2023 11 Pzs Fundas De Asiento Tela,1374,2,2022-08-17,052948983013,13552591,MLM45802,MLM1482362442
Cubreasientos Ford F-150 1997-2009 (cab Regular) Corrido,780,5,2022-09-21,,567730444,MLM45802,MLM1508229337
Fundas De Asiento Np300 Pick Up 2016-2021 (1 Cabina) Rojo,860,5,2022-06-10,,567730444,MLM45802,MLM1436420849
Lampara Interior De Cabina Nissan 720 83-93,393.68,5,2020-03-26,,515171166,MLM158320,MLM765540802
Fundas De Asiento Toyota Hilux Modelo 2005-2015 Doble Cabina,1330,1,2022-11-12,,1020815350,MLM45802,MLM1610505547
Fundas De Asientos Dodge Ram 1500-5500 2003-2022 1 Cabina,940,2,2022-10-26,,1020815350,MLM45802,MLM1571801283
Tapete Weathertech Silverado Vynil 2019-2020 Cabina Sencilla,3411,2,2022-05-11,,34210562,MLM162997,MLM1420361588
Fundas De Asientos Np300 Doble Cabina S Modelo 2016-2020 ,1200,25,2022-01-27,,567730444,MLM45802,MLM1370186370
Tapete Para Combi 1800 Cabina Md 89-00,520,5,2021-09-01,,616184425,MLM162997,MLM1302574262
Cubre Asientos Bordado Nissan Np300 Doble Cabina Modelo 2016,1200,2,2022-03-01,,183342707,MLM45802,MLM1385405090
Fundas De Asiento Np300 2003-2015 Cabina Sencilla (bordado),765.95,25,2021-09-21,,61373498,MLM45802,MLM1313504822
Manija Int Tundra 2000 - 2006 Cabina Reg-media Del Copiloto,222,5,2019-05-06,,140680597,MLM164791,MLM680923791
Nissan D21 Navara Luz De Techo Interior Kingcab Para Cabina,899,5,2022-06-07,,127693229,MLM430915,MLM1434838870
Hilux Doble Cabina 2016-2023 13 Pzs Cubre Asientos De Tela,1369,3,2023-02-08,,224706213,MLM45802,MLM1808680224
Fundas De Asiento Toyota Hilux Mod 2021-2022 Cabina Sencilla,810,5,2022-08-20,,1020815350,MLM45802,MLM1484238946
Cloro Tabletas Multifunción 5kg - Pastillas Con ¡antisarro!,1199,50,2022-06-10,,321953285,MLM435531,MLM1437098891
Termómetro Flotante Para Alberca Piscina Temperatura Intex,149.99,5,2023-02-24,6941057404547,347803986,MLM435531,MLM1842217344
Carbon Granulado Activado 1 Kg Premium Especial Filtro Aire,152.99,250,2018-01-25,0710859243571,508407,MLM429398,MLM611034166
Filtro De Cascada Sunny Para Acuarios De 40 A 70 Litros,226.1,500,2020-05-28,7503008378179,215484417,MLM8321,MLM780138573
Cloro Para Alberca En Pastillas De 1 Pulgada. 1 Kg Tricloro,199.9,500,2020-06-29,,38706443,MLM435531,MLM789574503
Anillos De Ceramica Para Acuario Pecera 450 Grs,110.28,500,2020-09-02,7501556479645,403671140,MLM429398,MLM812341341
Limpiador Magnético Imán Acuario Pecera Cepillo Con Mango,201.33,500,2020-09-15,682601594906,447282722,MLM191244,MLM817625743
Par De Manguera De Repuesto Para Piscina Bestway/intex ,293.16,50,2022-03-28,,175049791,MLM187117,MLM1397966516
Sifon Con Bomba Para Peceras Acuario,83.12,500,2017-07-12,7501556479072,154837415,MLM189769,MLM588939368
Bomba De Aire Peces Pecera Acuario 2 Salidas 180l/h,149.92,25,2022-12-21,758367668189,1241888485,MLM437774,MLM1718111111
Carbonato De Sodio Ninu 2 Kg Nivelador De Ph,139.9,50,2022-11-26,,109208195,MLM429574,MLM1651624588
Termómetro Flotante Construido En Abs Escalas C Y F Alberca,152.5,50,2022-05-10,786078791186,1023326928,MLM187118,MLM1419301816
Kit Limpieza Mantenimiento Alberca Red Aspirador Limpiafondo,426.9,200,2022-05-24,774980168714,1072637442,MLM191895,MLM1426898814
Grava Para Acuario Grava Marmol 3 Kg Grava Natural Lomas,78.82,830,2022-07-28,,484800219,MLM432789,MLM1469271908
Filtro Externo De Cascada Para Peceras De 15 A 20 Litros,141.98,500,2021-10-25,977671800287,793073264,MLM8321,MLM1330902278
Bomba De Aire Oxigeno Solar / Usb Recargable Para Pecera,390.92,25,2022-11-08,0728456449005,1079748549,MLM437774,MLM1598790554
Carbón Activado 1kg Quita El Mal Olor Del Agua En El Acuario,130,500,2016-04-06,,126931176,MLM429398,MLM550149445
Filtro Interno Mini Aquajet Tortuguero Pecera Pequeña,141.55,500,2016-05-17,7501556477856,154837415,MLM8321,MLM556625548
Filtro De Cascada Ocean Aqua Oc-680 Hasta 200l,399,250,2022-05-10,7502261581029,227498777,MLM8321,MLM1419338768
Bomba De Agua Motor Sin Escobilla Dc 12v Elevación 5m 800l/h,181.4,200,2022-04-13,791896162254,778987418,MLM7115,MLM1405147414
"Bolsas De Filtro De Malla Para Acuario, Carbón, Zeolita Etc.",79.99,150,2022-09-11,0710859243434,508407,MLM429398,MLM1499835348
Termómetro Flotante Construido En Abs Escalas C Y F Alberca,149,100,2022-03-08,,1083784369,MLM187118,MLM1388120543
Clorador Flotante Chico Para Alberca. Dispensador De Cloro ,99.9,500,2020-09-02,,38706443,MLM435531,MLM812266074
Cloro Triple Acción Alberca Pastillas 3 Pulgadas. 4 Kg ,749.9,500,2020-10-26,,38706443,MLM435531,MLM832401302
Sal Para El Agua De Acuario 300 Gr Lomas,40.59,50,2022-07-05,7501556411423,484800219,MLM189237,MLM1453450738
Manguera Reforzada Para Aspiradora De Alberca 7.5 Metros ,799.9,500,2020-04-03,,38706443,MLM187117,MLM767352345
Sifon Manual Para Acuarios Pecera Lava Grava Kit De 9 En 1,286.72,500,2021-10-28,779374960196,447282722,MLM189769,MLM1332943254
Kit Acuarios Limpieza De Peceras Raspadores De Algas 6 En 1,374.8,25,2022-10-11,616367112081,545572760,MLM434837,MLM1531074262
Chip Y Reseteador Para Tanque De Mantenimiento Epson L6171,1199,250,2020-07-20,8803663976901,62979431,MLM190944,MLM796038716
Aclarador De Agua Casi Cristalina Pecera Acuario Peces 120ml,50.13,500,2021-02-16,7501556411188,403671140,MLM416680,MLM875540956
General Cure - 100 Capsulas,379.2,250,2019-11-08,7501556413168,484800219,MLM416680,MLM736567706
Clorkill 4 L Biomaa,250,250,2020-09-03,"7500211001757,7501653380202",17988714,MLM416680,MLM812964265
Sulfato De Aluminio Ninu 5 Kg Clarificador Floculante,229.99,500,2022-03-30,,109208195,MLM191895,MLM1398647040
Bomba Sumergible Para Pecera Fuente Acuario 45w 2.5m 3500l/h,219.69,150,2022-07-02,730851257468,1090052054,MLM7115,MLM1451045760
Carbon Activado Para Acuario 450 G 1.5 Mm Filtrante Pecera,94.99,500,2020-10-26,7501556479638,403671140,MLM429398,MLM832181316
Alguicida Concentrado. Elimina Algas Alberca. 20 Litros ,879.9,250,2021-11-03,,38706443,MLM455841,MLM1335859454
Manguera De Silicon Transparente 10m Acuarios,98,500,2015-11-25,,166832122,MLM7115,MLM543155725
Sulfato De Cobre - Fungicida Alguicida Piscinas - 1kg,219.99,500,2020-11-24,,109208195,MLM455841,MLM843341933
Filtro De Cascada Sunny Para Acuarios De 160 A 240 Litros,733.55,200,2020-05-28,7503008378001,215484417,MLM8321,MLM780149687
Clorkill 500 Ml Biomaa,75,200,2020-09-03,7500211001733,17988714,MLM416680,MLM812967900
Analizador De Cloro Y Ph Para Albercas ,135.85,5000,2020-10-28,,60594577,MLM429574,MLM833032354
Kit De Limpieza De Alberca Con Red Y Aspiradora,196.58,200,2022-05-26,730177758045,1086256704,MLM191895,MLM1428067710
Filtro Interno Aquaflow 10 Para Acuarios De 120 Litros,177.56,500,2017-02-15,7501556479713,154837415,MLM8321,MLM574940207
Clorkill 1000 Ml Biomaa,140,250,2020-09-03,7500211001740,17988714,MLM416680,MLM812964271
"Kit De Químicos Para Limpieza De Albercas Intex, Bestway ",1299.9,500,2020-05-22,,38706443,MLM191895,MLM778650320
Generador De Ozono Máquina De Ozono 32g/hr,577.38,25,2022-10-20,799410418726,692533395,MLM455838,MLM1553381540
Bomba De Aire Pecera Oxigenadora Acuario De 10 A 60 Litros,80.75,500,2022-02-20,7502234336106,403671140,MLM7115,MLM1381500964
Peceras Raspadores De Algas 5 En 1 Kit De Acuario Limpieza ,201,500,2022-02-24,689908994125,812202926,MLM434837,MLM1383209868
Sal Marina Reef Cristal 160 Gal Peces,1469,250,2017-08-01,051378017060,154837415,MLM189237,MLM591024293
Aquapega Pegamento Utilizado Abajo Del Agua Marca Ultramex,425,100,2020-06-16,612464040548,60594577,MLM187118,MLM785804652
Filtro Cascada Para Peces Pecera 60 Litros Shf-400 Sunny,298,250,2022-03-03,7503008378186,403671140,MLM8321,MLM1386540054
Aspiradora Para Alberca. Barredora De 8 Ruedas ,499.9,500,2020-05-19,,38706443,MLM187113,MLM777310169
Bomba De Aire Peces Pecera Acuario 2 Salidas 180l/h,152.96,25,2022-12-21,758367668189,1241888485,MLM437774,MLM1718111111
Kit Tratamiento Acondicionador De Agua Acuario Peceras Peces,90.71,500,2021-01-20,6049746492650,403671140,MLM416680,MLM865442112
Cubierta Lona Funda Lancha 17 A 19 Pies Ft Impermeable Gris,1779,5,2021-10-30,,39196958,MLM422170,MLM1333987437
Cubierta Lona Funda Lancha 20 A 22 Pies Ft Impermeable Azul,1799,5,2021-10-30,,39196958,MLM422170,MLM1333927493
Lona Funda Resistente Lancha 17a19 Pies Ft Impermeable Gris,1779,5,2021-10-30,,39196958,MLM422170,MLM1333968066
Cubierta Lona Funda Lancha 17-19 Pies Ft Impermeable Negra,1599,5,2022-12-01,,31620258,MLM422170,MLM1662866642
Cubierta Lona Funda Lancha 20 A 22 Pies Ft Impermeable ,1520,5,2022-09-06,,31620258,MLM422170,MLM1496727922
Lona Cubierta Para Lancha Embarcación Impermeable 14-16 Pies,1770,5,2022-07-22,,39196958,MLM422170,MLM1465235790
Lona Funda Lancha 17-19 Pies Ft Impermeable Gris ,1593.9,25,2021-11-17,,31620258,MLM422170,MLM1341831724
Cubierta Lona Funda Lancha 20 A 22 Pies Ft Impermeable Azul,1799,25,2021-10-30,,39196958,MLM422170,MLM1333974709
Lentes De Sol Foster Grant Transport Polarizado Caballero,449.25,5,2022-08-02,7502283194252,314999837,MLM8378,MLM1472818100
5 Pack Mochila Termica Moto Delivery Para Entregas Tipo Uber Rappi Mayas Laterales Ideal Para Protección De Articulos Transporte Moto Motocicleta,3862.7,1,2023-01-18,,1173745155,MLM6431,MLM1769319249
Rueda De Válvula De Aire Para Desmontadora De Neumáticos,575.51,1,2023-01-01,3512728083830,534246469,MLM422170,MLM1740115831
Cubierta De Motor Fuera De Borda Para Barco Yate Protección,841.99,1,2022-09-24,634751022204,451643258,MLM422170,MLM1512294648
Cubierta Lona Funda Lancha 17-19 Pies Ft Impermeable Azul,1601,25,2021-11-17,,31620258,MLM422170,MLM1342130516
Qsc Bolsa Transporte K12.2 Tote Protección/transporte K12.2,3930,5,2020-04-03,684284056078,312989285,MLM1913,MLM767500542
 Cubierta Grande Para Cuatrimoto Todo Terreno,899,2,2021-08-05,,182125200,MLM422170,MLM954722446
Funda Protectora Plegable Para Bicicleta Estática,560.89,1,2023-02-28,7896578130439,1228646489,MLM422170,MLM1850619329
Cubierta Lona Funda Lancha 17 A 19 Pies Ft Impermeable,1618.89,5,2022-07-29,,39196958,MLM422170,MLM1470112647
Cubierta Lona Funda Lancha 17 A 19 Pies Ft Impermeable Gris,1779,5,2021-10-30,,39196958,MLM422170,MLM1333987437
Funda Cubierta De Auto Lona De Aluminio Afelpada Xlarge,1035,5,2022-02-01,,604827578,MLM422170,MLM1372461676
Funda Mochila Transporte Avión Y Protección 40 A 90 L Quech,1099,1,2022-12-08,,629417777,MLM6431,MLM1687700649
Lona Funda Lancha 17-19 Pies Ft Impermeable Azul,1601,5,2021-11-17,,31620258,MLM422170,MLM1341799782
Cubierta Lona Funda Lancha 17-19 Pies Ft Impermeable Gris ,1599,5,2021-11-17,,31620258,MLM422170,MLM1342118024
Cubierta Lona Funda Lancha 20 A 22 Pies Ft Impermeable Azul,1799,5,2021-10-30,,39196958,MLM422170,MLM1333927493
Patineta De Transporte Y Protecciones + Regalo,1890,0,2021-07-28,,92846375,MLM69640,MLM951625839
Muelle Flotante Para Jetsky Con Cama Reforzada,54200,5,2021-02-01,,27995812,MLM456036,MLM870377407
Silla Niño En Bicicleta Thule Ridealong Lite Zinnia (atrás),3599,2,2022-11-01,,679237423,MLM191724,MLM1584471751
